sample_id,species,location,source
Aten0457,Acropora kenti,Orpheus Island,doi.org/10.1111/eva.13481
Aten0459,Acropora kenti,Orpheus Island,doi.org/10.1111/eva.13482
Aten0460,Acropora kenti,Orpheus Island,doi.org/10.1111/eva.13483
Aten0467,Acropora kenti,Orpheus Island,doi.org/10.1111/eva.13484
Aten0468,Acropora kenti,Orpheus Island,doi.org/10.1111/eva.13485
Aten1486,Acropora kenti,No Name,doi.org/10.1111/eva.13468
Aten1494,Acropora kenti,No Name,doi.org/10.1111/eva.13469
Aten1768,Acropora kenti,One Tree Island,doi.org/10.1111/eva.13531
Aten1769,Acropora kenti,One Tree Island,doi.org/10.1111/eva.13532
Aten1770,Acropora kenti,One Tree Island,doi.org/10.1111/eva.13533
Aten1772,Acropora kenti,One Tree Island,doi.org/10.1111/eva.13534
Aten1851,Acropora kenti,Heron Island,doi.org/10.1111/eva.13524
Aten1852,Acropora kenti,Heron Island,doi.org/10.1111/eva.13525
Aten1853,Acropora kenti,Heron Island,doi.org/10.1111/eva.13526
Aten1861,Acropora kenti,Heron Island,doi.org/10.1111/eva.13527
Aten1863,Acropora kenti,Heron Island,doi.org/10.1111/eva.13528
Aten1864,Acropora kenti,Heron Island,doi.org/10.1111/eva.13529
Aten1866,Acropora kenti,Heron Island,doi.org/10.1111/eva.13530
Aten2084,Acropora kenti,Recreation Reef,doi.org/10.1111/eva.13510
Aten2090,Acropora kenti,Recreation Reef,doi.org/10.1111/eva.13511
Aten2092,Acropora kenti,Recreation Reef,doi.org/10.1111/eva.13512
Aten2093,Acropora kenti,Recreation Reef,doi.org/10.1111/eva.13513
Aten2099,Acropora kenti,Recreation Reef,doi.org/10.1111/eva.13514
Aten2266,Acropora kenti,Frigate Reef,doi.org/10.1111/eva.13515
Aten2267,Acropora kenti,Frigate Reef,doi.org/10.1111/eva.13516
Aten2283,Acropora kenti,Frigate Reef,doi.org/10.1111/eva.13517
Aten2288,Acropora kenti,Frigate Reef,doi.org/10.1111/eva.13518
Aten2297,Acropora kenti,Frigate Reef,doi.org/10.1111/eva.13519
Aten2313,Acropora kenti,Great Keppel,doi.org/10.1111/eva.13520
Aten2316,Acropora kenti,Great Keppel,doi.org/10.1111/eva.13521
Aten2317,Acropora kenti,Great Keppel,doi.org/10.1111/eva.13522
Aten2322,Acropora kenti,Great Keppel,doi.org/10.1111/eva.13523
Aten2325,Acropora kenti,Wilkie Reef,doi.org/10.1111/eva.13459
Aten2331,Acropora kenti,Wilkie Reef,doi.org/10.1111/eva.13460
Aten2332,Acropora kenti,Wilkie Reef,doi.org/10.1111/eva.13461
Aten2347,Acropora kenti,Wilkie Reef,doi.org/10.1111/eva.13462
Aten2352,Acropora kenti,Wilkie Reef,doi.org/10.1111/eva.13463
Aten2381,Acropora kenti,Night Reef,doi.org/10.1111/eva.13454
Aten2383,Acropora kenti,Night Reef,doi.org/10.1111/eva.13455
Aten2387,Acropora kenti,Night Reef,doi.org/10.1111/eva.13456
Aten2395,Acropora kenti,Night Reef,doi.org/10.1111/eva.13457
Aten2401,Acropora kenti,Night Reef,doi.org/10.1111/eva.13458
Aten2425,Acropora kenti,Tydeman Reef,doi.org/10.1111/eva.13464
Aten2432,Acropora kenti,Tydeman Reef,doi.org/10.1111/eva.13465
Aten2435,Acropora kenti,Tydeman Reef,doi.org/10.1111/eva.13466
Aten2440,Acropora kenti,Tydeman Reef,doi.org/10.1111/eva.13467
Aten2472,Acropora kenti,Wallace Islet,doi.org/10.1111/eva.13435
Aten2474,Acropora kenti,Wallace Islet,doi.org/10.1111/eva.13436
Aten2480,Acropora kenti,Wallace Islet,doi.org/10.1111/eva.13437
Aten2499,Acropora kenti,Wallace Islet,doi.org/10.1111/eva.13438
Aten2501,Acropora kenti,Wallace Islet,doi.org/10.1111/eva.13439
Aten2641,Acropora kenti,Curd Reef,doi.org/10.1111/eva.13449
Aten2648,Acropora kenti,Curd Reef,doi.org/10.1111/eva.13450
Aten2653,Acropora kenti,Curd Reef,doi.org/10.1111/eva.13451
Aten2660,Acropora kenti,Curd Reef,doi.org/10.1111/eva.13452
Aten2661,Acropora kenti,Curd Reef,doi.org/10.1111/eva.13453
Aten2778,Acropora kenti,Great Detached Reef,doi.org/10.1111/eva.13440
Aten2781,Acropora kenti,Great Detached Reef,doi.org/10.1111/eva.13441
Aten2785,Acropora kenti,Great Detached Reef,doi.org/10.1111/eva.13442
Aten2788B,Acropora kenti,Great Detached Reef,doi.org/10.1111/eva.13443
Aten2810,Acropora kenti,Great Detached Reef,doi.org/10.1111/eva.13444
Aten2966,Acropora kenti,Kelso Reef,doi.org/10.1111/eva.13473
Aten2967,Acropora kenti,Kelso Reef,doi.org/10.1111/eva.13474
Aten2976,Acropora kenti,Kelso Reef,doi.org/10.1111/eva.13475
Aten2979,Acropora kenti,Kelso Reef,doi.org/10.1111/eva.13476
Aten2981,Acropora kenti,Kelso Reef,doi.org/10.1111/eva.13477
Aten2983,Acropora kenti,Kelso Reef,doi.org/10.1111/eva.13478
Aten2990,Acropora kenti,Kelso Reef,doi.org/10.1111/eva.13479
Aten2993,Acropora kenti,Kelso Reef,doi.org/10.1111/eva.13480
Aten3006,Acropora kenti,Long Sandy,doi.org/10.1111/eva.13445
Aten3007,Acropora kenti,Long Sandy,doi.org/10.1111/eva.13446
Aten3018,Acropora kenti,Long Sandy,doi.org/10.1111/eva.13447
Aten3026,Acropora kenti,Long Sandy,doi.org/10.1111/eva.13448
Aten3280,Acropora kenti,Reef,doi.org/10.1111/eva.13507
Aten3282,Acropora kenti,Reef,doi.org/10.1111/eva.13508
Aten3284,Acropora kenti,Reef,doi.org/10.1111/eva.13509
Aten3369,Acropora kenti,Bugatti Reef,doi.org/10.1111/eva.13487
Aten3375,Acropora kenti,Bugatti Reef,doi.org/10.1111/eva.13488
Aten3376,Acropora kenti,Bugatti Reef,doi.org/10.1111/eva.13489
Aten3388,Acropora kenti,Bugatti Reef,doi.org/10.1111/eva.13490
Aten3397,Acropora kenti,Bugatti Reef,doi.org/10.1111/eva.13491
Aten3434,Acropora kenti,Seagull Reef,doi.org/10.1111/eva.13486
Aten3448,Acropora kenti,U/N Reef,doi.org/10.1111/eva.13502
Aten3460,Acropora kenti,U/N Reef,doi.org/10.1111/eva.13503
Aten3473,Acropora kenti,U/N Reef,doi.org/10.1111/eva.13504
Aten3478,Acropora kenti,U/N Reef,doi.org/10.1111/eva.13505
Aten3481,Acropora kenti,U/N Reef,doi.org/10.1111/eva.13506
Aten3651,Acropora kenti,Daydream Reef,doi.org/10.1111/eva.13492
Aten3654,Acropora kenti,Daydream Reef,doi.org/10.1111/eva.13493
Aten3655,Acropora kenti,Daydream Reef,doi.org/10.1111/eva.13494
Aten3656,Acropora kenti,Daydream Reef,doi.org/10.1111/eva.13495
Aten3657,Acropora kenti,Daydream Reef,doi.org/10.1111/eva.13496
Aten3660,Acropora kenti,Pine Island,doi.org/10.1111/eva.13497
Aten3663,Acropora kenti,Pine Island,doi.org/10.1111/eva.13498
Aten3666,Acropora kenti,Pine Island,doi.org/10.1111/eva.13499
Aten3671,Acropora kenti,Pine Island,doi.org/10.1111/eva.13500
Aten3673,Acropora kenti,Pine Island,doi.org/10.1111/eva.13501
Aten3675,Acropora kenti,Feather Reef,doi.org/10.1111/eva.13471
Aten3700,Acropora kenti,Feather Reef,doi.org/10.1111/eva.13472
Aten3713,Acropora kenti,Fitzroy Island,doi.org/10.1111/eva.13470
RRAP-ECO3-2021-Ahya-LIZA-444_L3,Acropora tersa,Lizard Is,doi.org/10.1038/s43247-024-01649-88
RRAP-ECO3-2021-Ahya-LIZA-446_L4,Acropora tersa,Lizard Is,doi.org/10.1038/s43247-024-01649-89
RRAP-ECO3-2021-Ahya-LIZA-447_L3,Acropora tersa,Lizard Is,doi.org/10.1038/s43247-024-01649-90
RRAP-ECO3-2021-Ahya-LIZA-460_L3,Acropora tersa,Lizard Is,doi.org/10.1038/s43247-024-01649-91
RRAP-ECO3-2021-Ahya-MOOR-367_L3,Acropora tersa,Moore,doi.org/10.1038/s43247-024-01649-73
RRAP-ECO3-2021-Ahya-MOOR-391_L3,Acropora tersa,Moore,doi.org/10.1038/s43247-024-01649-74
RRAP-ECO3-2021-Ahya-MOOR-392_L3,Acropora tersa,Moore,doi.org/10.1038/s43247-024-01649-75
RRAP-ECO3-2021-Ahya-MOOR-423_L4,Acropora tersa,Moore,doi.org/10.1038/s43247-024-01649-76
RRAP-ECO3-2021-Ahya-MOOR-428_L3,Acropora tersa,Moore,doi.org/10.1038/s43247-024-01649-77
RRAP-ECO3-2021-Ahya-MOOR-432_L4,Acropora tersa,Moore,doi.org/10.1038/s43247-024-01649-78
RRAP-ECO3-2021-Ahya-MOOR-434_L3,Acropora tersa,Moore,doi.org/10.1038/s43247-024-01649-79
RRAP-ECO3-2021-Ahya-MOOR-435_L3,Acropora tersa,Moore,doi.org/10.1038/s43247-024-01649-80
RRAP-ECO3-2021-Ahya-OCCH-117_L4,Acropora pectinata,Chicken,doi.org/10.1038/s43247-024-01649-15
RRAP-ECO3-2021-Ahya-OCCH-141_L4,Acropora pectinata,Chicken,doi.org/10.1038/s43247-024-01649-16
RRAP-ECO3-2021-Ahya-OCCH-154_L4,Acropora pectinata,Chicken,doi.org/10.1038/s43247-024-01649-17
RRAP-ECO3-2021-Ahya-OCLB-101_L4,Acropora sp. 'VI-3',Little Broadhurst,doi.org/10.1038/s43247-024-01649-32
RRAP-ECO3-2021-Ahya-OCLB-103_L4,Acropora sp. 'VI-3',Little Broadhurst,doi.org/10.1038/s43247-024-01649-33
RRAP-ECO3-2021-Ahya-OCLB-112_L4,Acropora sp. 'VI-3',Little Broadhurst,doi.org/10.1038/s43247-024-01649-34
RRAP-ECO3-2021-Ahya-OCLB-158_L4,Acropora sp. 'VI-3',Little Broadhurst,doi.org/10.1038/s43247-024-01649-35
RRAP-ECO3-2021-Ahya-OCLB-160_L4,Acropora sp. 'VI-3',Little Broadhurst,doi.org/10.1038/s43247-024-01649-36
RRAP-ECO3-2021-Ahya-OCLB-163_L4,Acropora sp. 'VI-3',Little Broadhurst,doi.org/10.1038/s43247-024-01649-37
RRAP-ECO3-2021-Ahya-OCLB-164_L4,Acropora sp. 'VI-3',Little Broadhurst,doi.org/10.1038/s43247-024-01649-38
RRAP-ECO3-2021-Ahya-OCLB-166_L4,Acropora sp. 'VI-3',Little Broadhurst,doi.org/10.1038/s43247-024-01649-39
RRAP-ECO3-2021-Ahya-OCLB-90_L4,Acropora sp. 'VI-3',Little Broadhurst,doi.org/10.1038/s43247-024-01649-40
RRAP-ECO3-2021-Ahya-OCLB-95_L4,Acropora sp. 'VI-3',Little Broadhurst,doi.org/10.1038/s43247-024-01649-41
RRAP-ECO3-2021-Ahya-OCLB-97_L4,Acropora sp. 'VI-3',Little Broadhurst,doi.org/10.1038/s43247-024-01649-42
RRAP-ECO3-2021-Ahya-OCLB-98_L4,Acropora sp. 'VI-3',Little Broadhurst,doi.org/10.1038/s43247-024-01649-43
RRAP-ECO3-2022-Ahya-BLCH12A_L2,Acropora sp. 'VI-3',Davies,doi.org/10.1038/s43247-024-01649-24
RRAP-ECO3-2022-Ahya-BLCH14A_L2,Acropora sp. 'VI-3',Davies,doi.org/10.1038/s43247-024-01649-25
RRAP-ECO3-2022-Ahya-BLCH17A_L2,Acropora sp. 'VI-3',Davies,doi.org/10.1038/s43247-024-01649-26
RRAP-ECO3-2022-Ahya-BLCH197A_L2,Acropora hyacinthus,Pelorus,doi.org/10.1038/s43247-024-01649-6
RRAP-ECO3-2022-Ahya-BLCH198A_L2,Acropora hyacinthus,Pelorus,doi.org/10.1038/s43247-024-01649-7
RRAP-ECO3-2022-Ahya-BLCH202A_L2,Acropora hyacinthus,Pelorus,doi.org/10.1038/s43247-024-01649-8
RRAP-ECO3-2022-Ahya-BLCH205A_L2,Acropora hyacinthus,Pelorus,doi.org/10.1038/s43247-024-01649-9
RRAP-ECO3-2022-Ahya-BLCH208A_L2,Acropora hyacinthus,Pelorus,doi.org/10.1038/s43247-024-01649-10
RRAP-ECO3-2022-Ahya-BLCH212A_L2,Acropora hyacinthus,Orpheus ,doi.org/10.1038/s43247-024-01649-18
RRAP-ECO3-2022-Ahya-BLCH216A_L2,Acropora hyacinthus,Orpheus ,doi.org/10.1038/s43247-024-01649-19
RRAP-ECO3-2022-Ahya-BLCH219A_L2,Acropora hyacinthus,Orpheus ,doi.org/10.1038/s43247-024-01649-20
RRAP-ECO3-2022-Ahya-BLCH225A_L2,Acropora hyacinthus,Orpheus ,doi.org/10.1038/s43247-024-01649-21
RRAP-ECT01-2021-Ahya-B14_L3,Acropora tersa,North Direction,doi.org/10.1038/s43247-024-01649-52
RRAP-ECT01-2021-Ahya-B23_L3,Acropora tersa,North Direction,doi.org/10.1038/s43247-024-01649-53
RRAP-ECT01-2021-Ahya-B26_L3,Acropora tersa,North Direction,doi.org/10.1038/s43247-024-01649-54
RRAP-ECT01-2021-Ahya-B44_L3,Acropora tersa,North Direction,doi.org/10.1038/s43247-024-01649-55
RRAP-ECT01-2021-Ahya-B48_L3,Acropora tersa,North Direction,doi.org/10.1038/s43247-024-01649-56
RRAP-ECT01-2021-Ahya-B6_L3,Acropora tersa,North Direction,doi.org/10.1038/s43247-024-01649-57
RRAP-ECT01-2021-Ahya-FITZ-362_L2,Acropora tersa,Fitzroy Is,doi.org/10.1038/s43247-024-01649-92
RRAP-ECT01-2021-Ahya-FITZ-365_L3,Acropora tersa,Fitzroy Is,doi.org/10.1038/s43247-024-01649-93
RRAP-ECT01-2021-Ahya-FITZ-367_L2,Acropora tersa,Fitzroy Is,doi.org/10.1038/s43247-024-01649-94
RRAP-ECT01-2021-Ahya-FITZ-368_L2,Acropora tersa,Fitzroy Is,doi.org/10.1038/s43247-024-01649-95
RRAP-ECT01-2021-Ahya-FITZ-370_L4,Acropora tersa,Fitzroy Is,doi.org/10.1038/s43247-024-01649-96
RRAP-ECT01-2021-Ahya-FITZ-373_L2,Acropora tersa,Fitzroy Is,doi.org/10.1038/s43247-024-01649-97
RRAP-ECT01-2021-Ahya-HICK-2_L4,Acropora tersa,Hicks,doi.org/10.1038/s43247-024-01649-44
RRAP-ECT01-2021-Ahya-HICK-23_L2,Acropora tersa,Hicks,doi.org/10.1038/s43247-024-01649-45
RRAP-ECT01-2021-Ahya-HICK-25_L2,Acropora tersa,Hicks,doi.org/10.1038/s43247-024-01649-46
RRAP-ECT01-2021-Ahya-HICK-26_L4,Acropora tersa,Hicks,doi.org/10.1038/s43247-024-01649-47
RRAP-ECT01-2021-Ahya-HICK-28_L3,Acropora tersa,Hicks,doi.org/10.1038/s43247-024-01649-48
RRAP-ECT01-2021-Ahya-HICK-29_L4,Acropora tersa,Hicks,doi.org/10.1038/s43247-024-01649-49
RRAP-ECT01-2021-Ahya-HICK-39b_L3,Acropora tersa,Hicks,doi.org/10.1038/s43247-024-01649-50
RRAP-ECT01-2021-Ahya-HICK-6_L2,Acropora tersa,Hicks,doi.org/10.1038/s43247-024-01649-51
RRAP-ECT01-2021-Ahya-KELS-197_L3,Acropora tersa,Kelso,doi.org/10.1038/s43247-024-01649-98
RRAP-ECT01-2021-Ahya-KELS-200_L4,Acropora tersa,Kelso,doi.org/10.1038/s43247-024-01649-99
RRAP-ECT01-2021-Ahya-KELS-205_L4,Acropora tersa,Kelso,doi.org/10.1038/s43247-024-01649-100
RRAP-ECT01-2021-Ahya-KELS-207-B_L4,Acropora tersa,Kelso,doi.org/10.1038/s43247-024-01649-101
RRAP-ECT01-2021-Ahya-KELS-208_L4,Acropora tersa,Kelso,doi.org/10.1038/s43247-024-01649-102
RRAP-ECT01-2021-Ahya-KELS-215_L3,Acropora tersa,Kelso,doi.org/10.1038/s43247-024-01649-103
RRAP-ECT01-2021-Ahya-MACK-276_L2,Acropora tersa,Mackay Reef,doi.org/10.1038/s43247-024-01649-68
RRAP-ECT01-2021-Ahya-MACK-278_L2,Acropora tersa,Mackay Reef,doi.org/10.1038/s43247-024-01649-69
RRAP-ECT01-2021-Ahya-MACK-286_L2,Acropora tersa,Mackay Reef,doi.org/10.1038/s43247-024-01649-70
RRAP-ECT01-2021-Ahya-MACK-295_L2,Acropora tersa,Mackay Reef,doi.org/10.1038/s43247-024-01649-71
RRAP-ECT01-2021-Ahya-MART-131_L4,Acropora tersa,Mackay Reef,doi.org/10.1038/s43247-024-01649-72
RRAP-ECT01-2021-Ahya-MART-137_L4,Acropora tersa,Martin,doi.org/10.1038/s43247-024-01649-64
RRAP-ECT01-2021-Ahya-MART-151_L2,Acropora tersa,Martin,doi.org/10.1038/s43247-024-01649-65
RRAP-ECT01-2021-Ahya-MART-159_L2,Acropora tersa,Martin,doi.org/10.1038/s43247-024-01649-66
RRAP-ECT01-2021-Ahya-MART-160_L2,Acropora tersa,Martin,doi.org/10.1038/s43247-024-01649-67
RRAP-ECT01-2021-Ahya-MOOR-376_L2,Acropora tersa,Moore,doi.org/10.1038/s43247-024-01649-81
RRAP-ECT01-2021-Ahya-MOOR-388-B_L4,Acropora tersa,Moore,doi.org/10.1038/s43247-024-01649-82
RRAP-ECT01-2021-Ahya-MOOR-392_L3,Acropora tersa,Moore,doi.org/10.1038/s43247-024-01649-83
RRAP-ECT01-2021-Ahya-MOOR-413_L2,Acropora tersa,Moore,doi.org/10.1038/s43247-024-01649-84
RRAP-ECT01-2021-Ahya-MOOR-414_L2,Acropora tersa,Moore,doi.org/10.1038/s43247-024-01649-85
RRAP-ECT01-2021-Ahya-MOOR-420_L2,Acropora tersa,Moore,doi.org/10.1038/s43247-024-01649-86
RRAP-ECT01-2021-Ahya-MOOR-422_L2,Acropora tersa,Moore,doi.org/10.1038/s43247-024-01649-87
RRAP-ECT01-2021-Ahya-NDIR-47_L3,Acropora pectinata,North Direction,doi.org/10.1038/s43247-024-01649-11
RRAP-ECT01-2021-Ahya-NDIR-48_L3,Acropora pectinata,North Direction,doi.org/10.1038/s43247-024-01649-12
RRAP-ECT01-2021-Ahya-NDIR-49,Acropora tersa,North Direction,doi.org/10.1038/s43247-024-01649-58
RRAP-ECT01-2021-Ahya-NDIR-50,Acropora pectinata,North Direction,doi.org/10.1038/s43247-024-01649-13
RRAP-ECT01-2021-Ahya-NDIR-52_L4,Acropora tersa,North Direction,doi.org/10.1038/s43247-024-01649-59
RRAP-ECT01-2021-Ahya-NDIR-53_L4,Acropora tersa,North Direction,doi.org/10.1038/s43247-024-01649-60
RRAP-ECT01-2021-Ahya-NDIR-54_L2,Acropora pectinata,North Direction,doi.org/10.1038/s43247-024-01649-14
RRAP-ECT01-2021-Ahya-NDIR-67-LEG5346-10_L2,Acropora tersa,North Direction,doi.org/10.1038/s43247-024-01649-61
RRAP-ECT01-2021-Ahya-NDIR-69b_L3,Acropora tersa,North Direction,doi.org/10.1038/s43247-024-01649-62
RRAP-ECT01-2021-Ahya-NDIR-86_L4,Acropora tersa,North Direction,doi.org/10.1038/s43247-024-01649-63
RRAP-ECT01-2021-Ahya-NONA-110_L3,Acropora pectinata,No Name,doi.org/10.1038/s43247-024-01649-4
RRAP-ECT01-2021-Ahya-NONA-116_L4,Acropora pectinata,No Name,doi.org/10.1038/s43247-024-01649-5
RRAP-ECT01-2021-Ahya-NONA-119_L3,Acropora pectinata,No Name,doi.org/10.1038/s43247-024-01649-6
RRAP-ECT01-2021-Ahya-NONA-125_L2,Acropora pectinata,No Name,doi.org/10.1038/s43247-024-01649-7
RRAP-ECT01-2021-Ahya-NONA-127_L2,Acropora pectinata,No Name,doi.org/10.1038/s43247-024-01649-8
RRAP-ECT01-2021-Ahya-NONA-128_L4,Acropora pectinata,No Name,doi.org/10.1038/s43247-024-01649-9
RRAP-ECT01-2021-Ahya-NONA-99_L2,Acropora pectinata,No Name,doi.org/10.1038/s43247-024-01649-10
RRAP-ECT01-2021-Ahya-OCCH-304_L2,Acropora pectinata,Chicken,doi.org/10.1038/s43247-024-01649-18
RRAP-ECT01-2021-Ahya-OCCH-305_L2,Acropora pectinata,Chicken,doi.org/10.1038/s43247-024-01649-19
RRAP-ECT01-2021-Ahya-OCCH-311_L4,Acropora pectinata,Chicken,doi.org/10.1038/s43247-024-01649-20
RRAP-ECT01-2021-Ahya-OCCH-317_L4,Acropora pectinata,Chicken,doi.org/10.1038/s43247-024-01649-21
RRAP-ECT01-2021-Ahya-OCCH-323_L3,Acropora pectinata,Chicken,doi.org/10.1038/s43247-024-01649-22
RRAP-ECT01-2021-Ahya-OCCH-328_L2,Acropora pectinata,Chicken,doi.org/10.1038/s43247-024-01649-23
RRAP-ECT01-2021-Ahya-OCDA-331_L4,Acropora sp. 'VI-3',Davies,doi.org/10.1038/s43247-024-01649-27
RRAP-ECT01-2021-Ahya-OCDA-334_L3,Acropora sp. 'VI-3',Davies,doi.org/10.1038/s43247-024-01649-28
RRAP-ECT01-2021-Ahya-OCDA-337_L3,Acropora sp. 'VI-3',Davies,doi.org/10.1038/s43247-024-01649-29
RRAP-ECT01-2021-Ahya-OCDA-343_L4,Acropora sp. 'VI-3',Davies,doi.org/10.1038/s43247-024-01649-30
RRAP-ECT01-2021-Ahya-OCDA-349_L2,Acropora sp. 'VI-3',Davies,doi.org/10.1038/s43247-024-01649-31
RRAP-ECT01-2021-Ahya-PAPE-224_L4,Acropora hyacinthus,Pelorus,doi.org/10.1038/s43247-024-01649-11
RRAP-ECT01-2021-Ahya-PAPE-225_L2,Acropora hyacinthus,Pelorus,doi.org/10.1038/s43247-024-01649-12
RRAP-ECT01-2021-Ahya-PAPE-229_L4,Acropora hyacinthus,Pelorus,doi.org/10.1038/s43247-024-01649-13
RRAP-ECT01-2021-Ahya-PAPE-233_L4,Acropora hyacinthus,Pelorus,doi.org/10.1038/s43247-024-01649-14
RRAP-ECT01-2021-Ahya-PAPE-234_L3,Acropora hyacinthus,Pelorus,doi.org/10.1038/s43247-024-01649-15
RRAP-ECT01-2021-Ahya-PAPE-249_L4,Acropora hyacinthus,Pelorus,doi.org/10.1038/s43247-024-01649-16
RRAP-ECT01-2021-Ahya-PAPE-250_L2,Acropora hyacinthus,Pelorus,doi.org/10.1038/s43247-024-01649-17
RRAP-ECT01-2021-Ahya-STCR-165_L4,Acropora hyacinthus,St Crispin,doi.org/10.1038/s43247-024-01649-4
RRAP-ECT01-2021-Ahya-STCR-168_L4,Acropora hyacinthus,St Crispin,doi.org/10.1038/s43247-024-01649-5
RRAP-ECT01-2022-Aspat-CBHE-1725_L2,Acropora cf. spathulata,Heron Island,doi.org/10.1016/j.cub.2026.04.143
RRAP-ECT01-2022-Aspat-CBHE-1738_L1,Acropora cf. spathulata,Heron Island,doi.org/10.1016/j.cub.2026.04.144
RRAP-ECT01-2022-Aspat-CBHE-1742_L1,Acropora cf. spathulata,Heron Island,doi.org/10.1016/j.cub.2026.04.145
RRAP-ECT01-2022-Aspat-CBHE-1759_L2,Acropora cf. spathulata,Heron Island,doi.org/10.1016/j.cub.2026.04.146
RRAP-ECT01-2022-Aspat-CBHE-1762_L1,Acropora cf. spathulata,Heron Island,doi.org/10.1016/j.cub.2026.04.147
RRAP-ECT01-2022-Aspat-CBHE-1763_L1,Acropora cf. spathulata,Heron Island,doi.org/10.1016/j.cub.2026.04.148
RRAP-ECT01-2022-Aspat-CBHE-1766_L1,Acropora cf. spathulata,Heron Island,doi.org/10.1016/j.cub.2026.04.149
RRAP-ECT01-2022-Aspat-CBHE-767_L2,Acropora cf. spathulata,Heron Island,doi.org/10.1016/j.cub.2026.04.142
RRAP-ECT01-2022-Aspat-CBLM-1604_L4,Acropora cf. spathulata,Lady Musgrave,doi.org/10.1016/j.cub.2026.04.150
RRAP-ECT01-2022-Aspat-CBLM-1606_L3,Acropora cf. spathulata,Lady Musgrave,doi.org/10.1016/j.cub.2026.04.151
RRAP-ECT01-2022-Aspat-CBLM-1613_L4,Acropora cf. spathulata,Lady Musgrave,doi.org/10.1016/j.cub.2026.04.152
RRAP-ECT01-2022-Aspat-CBLM-1626_L4,Acropora cf. spathulata,Lady Musgrave,doi.org/10.1016/j.cub.2026.04.153
RRAP-ECT01-2022-Aspat-CBLM-1628_L4,Acropora cf. spathulata,Lady Musgrave,doi.org/10.1016/j.cub.2026.04.154
RRAP-ECT01-2022-Aspat-CBLM-1630_L3,Acropora cf. spathulata,Lady Musgrave,doi.org/10.1016/j.cub.2026.04.155
RRAP-ECT01-2022-Aspat-CBLM-1635_L2,Acropora cf. spathulata,Lady Musgrave,doi.org/10.1016/j.cub.2026.04.156
RRAP-ECT01-2022-Aspat-FITZ-1670_L3,Acropora cf. spathulata,Fitzroy Reef,doi.org/10.1016/j.cub.2026.04.109
RRAP-ECT01-2022-Aspat-FITZ-1681_L2,Acropora cf. spathulata,Fitzroy Reef,doi.org/10.1016/j.cub.2026.04.110
RRAP-ECT01-2022-Aspat-FITZ-1707_L2,Acropora cf. spathulata,Fitzroy Reef,doi.org/10.1016/j.cub.2026.04.111
RRAP-ECT01-2022-Aspat-FITZ-781_L1,Acropora cf. spathulata,Fitzroy Is,doi.org/10.1016/j.cub.2026.04.105
RRAP-ECT01-2022-Aspat-FITZ-809_L3,Acropora cf. spathulata,Fitzroy Is,doi.org/10.1016/j.cub.2026.04.106
RRAP-ECT01-2022-Aspat-FITZ-836_L3,Acropora cf. spathulata,Fitzroy Is,doi.org/10.1016/j.cub.2026.04.107
RRAP-ECT01-2022-Aspat-FITZ-839_L4,Acropora cf. spathulata,Fitzroy Is,doi.org/10.1016/j.cub.2026.04.108
RRAP-ECT01-2022-Aspat-HICK-431_L1,Acropora cf. spathulata,Hicks,doi.org/10.1016/j.cub.2026.04.057
RRAP-ECT01-2022-Aspat-HICK-433_L1,Acropora cf. spathulata,Hicks,doi.org/10.1016/j.cub.2026.04.058
RRAP-ECT01-2022-Aspat-HICK-440_L2,Acropora cf. spathulata,Hicks,doi.org/10.1016/j.cub.2026.04.059
RRAP-ECT01-2022-Aspat-HICK-445_L1,Acropora cf. spathulata,Hicks,doi.org/10.1016/j.cub.2026.04.060
RRAP-ECT01-2022-Aspat-HICK-446_L1,Acropora cf. spathulata,Hicks,doi.org/10.1016/j.cub.2026.04.061
RRAP-ECT01-2022-Aspat-HICK-447_L1,Acropora cf. spathulata,Hicks,doi.org/10.1016/j.cub.2026.04.062
RRAP-ECT01-2022-Aspat-HICK-478_L1,Acropora cf. spathulata,Hicks,doi.org/10.1016/j.cub.2026.04.063
RRAP-ECT01-2022-Aspat-KELS-943_L4,Acropora cf. spathulata,Kelso,doi.org/10.1016/j.cub.2026.04.112
RRAP-ECT01-2022-Aspat-KELS-945_L4,Acropora cf. spathulata,Kelso,doi.org/10.1016/j.cub.2026.04.113
RRAP-ECT01-2022-Aspat-KELS-959_L4,Acropora cf. spathulata,Kelso,doi.org/10.1016/j.cub.2026.04.114
RRAP-ECT01-2022-Aspat-KELS-962_L4,Acropora cf. spathulata,Kelso,doi.org/10.1016/j.cub.2026.04.115
RRAP-ECT01-2022-Aspat-KELS-967_L4,Acropora cf. spathulata,Kelso,doi.org/10.1016/j.cub.2026.04.116
RRAP-ECT01-2022-Aspat-KELS-970_L4,Acropora cf. spathulata,Kelso,doi.org/10.1016/j.cub.2026.04.117
RRAP-ECT01-2022-Aspat-KELS-976_L4,Acropora cf. spathulata,Kelso,doi.org/10.1016/j.cub.2026.04.118
RRAP-ECT01-2022-Aspat-MACK-652_L1,Acropora cf. spathulata,Mackay,doi.org/10.1016/j.cub.2026.04.085
RRAP-ECT01-2022-Aspat-MACK-653_L1,Acropora cf. spathulata,Mackay Reef,doi.org/10.1016/j.cub.2026.04.086
RRAP-ECT01-2022-Aspat-MACK-661_L2,Acropora cf. spathulata,Mackay Reef,doi.org/10.1016/j.cub.2026.04.087
RRAP-ECT01-2022-Aspat-MACK-670_L3,Acropora cf. spathulata,Mackay Reef,doi.org/10.1016/j.cub.2026.04.088
RRAP-ECT01-2022-Aspat-MACK-673_L4,Acropora cf. spathulata,Mackay Reef,doi.org/10.1016/j.cub.2026.04.089
RRAP-ECT01-2022-Aspat-MACK-684_L2,Acropora cf. spathulata,Mackay Reef,doi.org/10.1016/j.cub.2026.04.090
RRAP-ECT01-2022-Aspat-MACK-706_L2,Acropora cf. spathulata,Mackay Reef,doi.org/10.1016/j.cub.2026.04.091
RRAP-ECT01-2022-Aspat-MART-485_L1,Acropora cf. spathulata,Martin,doi.org/10.1016/j.cub.2026.04.078
RRAP-ECT01-2022-Aspat-MART-553_L1,Acropora cf. spathulata,Martin,doi.org/10.1016/j.cub.2026.04.079
RRAP-ECT01-2022-Aspat-MART-556_L1,Acropora cf. spathulata,Martin,doi.org/10.1016/j.cub.2026.04.080
RRAP-ECT01-2022-Aspat-MART-562_L1,Acropora cf. spathulata,Martin,doi.org/10.1016/j.cub.2026.04.081
RRAP-ECT01-2022-Aspat-MART-571_L3,Acropora cf. spathulata,Martin,doi.org/10.1016/j.cub.2026.04.082
RRAP-ECT01-2022-Aspat-MART-582_L3,Acropora cf. spathulata,Martin,doi.org/10.1016/j.cub.2026.04.083
RRAP-ECT01-2022-Aspat-MART-597_L2,Acropora cf. spathulata,Martin,doi.org/10.1016/j.cub.2026.04.084
RRAP-ECT01-2022-Aspat-NDIR-489_L1,Acropora cf. spathulata,North Direction,doi.org/10.1016/j.cub.2026.04.071
RRAP-ECT01-2022-Aspat-NDIR-511_L1,Acropora cf. spathulata,North Direction,doi.org/10.1016/j.cub.2026.04.072
RRAP-ECT01-2022-Aspat-NDIR-516_L3,Acropora cf. spathulata,North Direction,doi.org/10.1016/j.cub.2026.04.073
RRAP-ECT01-2022-Aspat-NDIR-521_L1,Acropora cf. spathulata,North Direction,doi.org/10.1016/j.cub.2026.04.074
RRAP-ECT01-2022-Aspat-NDIR-523_L1,Acropora cf. spathulata,North Direction,doi.org/10.1016/j.cub.2026.04.075
RRAP-ECT01-2022-Aspat-NDIR-526_L2,Acropora cf. spathulata,North Direction,doi.org/10.1016/j.cub.2026.04.076
RRAP-ECT01-2022-Aspat-NDIR-527_L1,Acropora cf. spathulata,North Direction,doi.org/10.1016/j.cub.2026.04.077
RRAP-ECT01-2022-Aspat-NONA-602_L3,Acropora cf. spathulata,No Name,doi.org/10.1016/j.cub.2026.04.064
RRAP-ECT01-2022-Aspat-NONA-613_L2,Acropora cf. spathulata,No Name,doi.org/10.1016/j.cub.2026.04.065
RRAP-ECT01-2022-Aspat-NONA-626_L2,Acropora cf. spathulata,No Name,doi.org/10.1016/j.cub.2026.04.066
RRAP-ECT01-2022-Aspat-NONA-633_L1,Acropora cf. spathulata,No Name,doi.org/10.1016/j.cub.2026.04.067
RRAP-ECT01-2022-Aspat-NONA-641_L3,Acropora cf. spathulata,No Name,doi.org/10.1016/j.cub.2026.04.068
RRAP-ECT01-2022-Aspat-NONA-642_L2,Acropora cf. spathulata,No Name,doi.org/10.1016/j.cub.2026.04.069
RRAP-ECT01-2022-Aspat-NONA-646_L2,Acropora cf. spathulata,No Name,doi.org/10.1016/j.cub.2026.04.070
RRAP-ECT01-2022-Aspat-OCCH-1000_L4,Acropora cf. spathulata,Chicken,doi.org/10.1016/j.cub.2026.04.128
RRAP-ECT01-2022-Aspat-OCCH-1515_L3,Acropora cf. spathulata,Chicken,doi.org/10.1016/j.cub.2026.04.129
RRAP-ECT01-2022-Aspat-OCCH-1524_L3,Acropora cf. spathulata,Chicken,doi.org/10.1016/j.cub.2026.04.130
RRAP-ECT01-2022-Aspat-OCCH-1527_L3,Acropora cf. spathulata,Chicken,doi.org/10.1016/j.cub.2026.04.131
RRAP-ECT01-2022-Aspat-OCCH-1531_L4,Acropora cf. spathulata,Chicken,doi.org/10.1016/j.cub.2026.04.132
RRAP-ECT01-2022-Aspat-OCCH-1534_L4,Acropora cf. spathulata,Chicken,doi.org/10.1016/j.cub.2026.04.133
RRAP-ECT01-2022-Aspat-OCCH-804_L4,Acropora cf. spathulata,Chicken,doi.org/10.1016/j.cub.2026.04.126
RRAP-ECT01-2022-Aspat-OCCH-991_L4,Acropora cf. spathulata,Chicken,doi.org/10.1016/j.cub.2026.04.127
RRAP-ECT01-2022-Aspat-OCDA-1547_L3,Acropora cf. spathulata,Davies,doi.org/10.1016/j.cub.2026.04.134
RRAP-ECT01-2022-Aspat-OCDA-1557_L3,Acropora cf. spathulata,Davies,doi.org/10.1016/j.cub.2026.04.135
RRAP-ECT01-2022-Aspat-OCDA-1561_L4,Acropora cf. spathulata,Davies,doi.org/10.1016/j.cub.2026.04.136
RRAP-ECT01-2022-Aspat-OCDA-1570_L4,Acropora cf. spathulata,Davies,doi.org/10.1016/j.cub.2026.04.137
RRAP-ECT01-2022-Aspat-OCDA-1571_L4,Acropora cf. spathulata,Davies,doi.org/10.1016/j.cub.2026.04.138
RRAP-ECT01-2022-Aspat-OCDA-1572_L3,Acropora cf. spathulata,Davies,doi.org/10.1016/j.cub.2026.04.139
RRAP-ECT01-2022-Aspat-OCDA-1584_L3,Acropora cf. spathulata,Davies,doi.org/10.1016/j.cub.2026.04.140
RRAP-ECT01-2022-Aspat-OCDA-1593_L3,Acropora cf. spathulata,Davies,doi.org/10.1016/j.cub.2026.04.141
RRAP-ECT01-2022-Aspat-ONMO-857_L3,Acropora cf. spathulata,Moore,doi.org/10.1016/j.cub.2026.04.098
RRAP-ECT01-2022-Aspat-ONMO-860_L3,Acropora cf. spathulata,Moore,doi.org/10.1016/j.cub.2026.04.099
RRAP-ECT01-2022-Aspat-ONMO-861_L1,Acropora cf. spathulata,Moore,doi.org/10.1016/j.cub.2026.04.100
RRAP-ECT01-2022-Aspat-ONMO-876_L4,Acropora cf. spathulata,Moore,doi.org/10.1016/j.cub.2026.04.101
RRAP-ECT01-2022-Aspat-ONMO-879_L4,Acropora cf. spathulata,Moore,doi.org/10.1016/j.cub.2026.04.102
RRAP-ECT01-2022-Aspat-ONMO-889_L4,Acropora cf. spathulata,Moore,doi.org/10.1016/j.cub.2026.04.103
RRAP-ECT01-2022-Aspat-ONMO-895_L4,Acropora cf. spathulata,Moore,doi.org/10.1016/j.cub.2026.04.104
RRAP-ECT01-2022-Aspat-PAPE-909_L3,Acropora cf. spathulata,Pelorus,doi.org/10.1016/j.cub.2026.04.119
RRAP-ECT01-2022-Aspat-PAPE-910_L4,Acropora cf. spathulata,Pelorus,doi.org/10.1016/j.cub.2026.04.120
RRAP-ECT01-2022-Aspat-PAPE-913_L3,Acropora cf. spathulata,Pelorus,doi.org/10.1016/j.cub.2026.04.121
RRAP-ECT01-2022-Aspat-PAPE-915_L4,Acropora cf. spathulata,Pelorus,doi.org/10.1016/j.cub.2026.04.122
RRAP-ECT01-2022-Aspat-PAPE-916_L3,Acropora cf. spathulata,Pelorus,doi.org/10.1016/j.cub.2026.04.123
RRAP-ECT01-2022-Aspat-PAPE-919_L4,Acropora cf. spathulata,Pelorus,doi.org/10.1016/j.cub.2026.04.124
RRAP-ECT01-2022-Aspat-PAPE-937_L3,Acropora cf. spathulata,Pelorus,doi.org/10.1016/j.cub.2026.04.125
RRAP-ECT01-2022-Aspat-STCR-719_L2,Acropora cf. spathulata,St Crispin,doi.org/10.1016/j.cub.2026.04.092
RRAP-ECT01-2022-Aspat-STCR-727_L1,Acropora cf. spathulata,St Crispin,doi.org/10.1016/j.cub.2026.04.093
RRAP-ECT01-2022-Aspat-STCR-744_L2,Acropora cf. spathulata,St Crispin,doi.org/10.1016/j.cub.2026.04.094
RRAP-ECT01-2022-Aspat-STCR-746_L1,Acropora cf. spathulata,St Crispin,doi.org/10.1016/j.cub.2026.04.095
RRAP-ECT01-2022-Aspat-STCR-751_L4,Acropora cf. spathulata,St Crispin,doi.org/10.1016/j.cub.2026.04.096
RRAP-ECT01-2022-Aspat-STCR-756_L2,Acropora cf. spathulata,St Crispin,doi.org/10.1016/j.cub.2026.04.097
